RoadType,SpeedLimit,NodeID,x,y
primary,40,1372425721,24.9208687,60.16479
primary,40,25238874,24.9210282,60.1636645
primary,40,336192701,24.9210404,60.1636123
tertiary,30,1519889266,24.9208323,60.163656
primary,40,25238883,24.9214411,60.1634517
cycleway,No data,258190363,24.9210842,60.1634384
footway,No data,25238933,24.924529,60.1611136
cycleway,No data,251711922,24.9257265,60.1608675
cycleway,No data,258187680,24.9239858,60.1613584
cycleway,No data,25238937,24.9258614,60.1608598
cycleway,No data,9378862813,24.9262542,60.1608878
primary,40,1372388321,24.9213864,60.1648186
cycleway,No data,313937387,24.9208478,60.1635695
unclassified,30,25290781,24.9208193,60.1668328
unclassified,30,1382320455,24.9209659,60.1668202
tertiary,30,313984203,24.9368796,60.1642762
tertiary,30,292859323,24.9369326,60.1643843
tertiary,30,313984198,24.9371893,60.164382
footway,No data,1372233731,24.9292737,60.1622904
tertiary,30,25291564,24.9416738,60.1659479
tertiary,30,311086402,24.9415363,60.1659001
residential,30,292858659,24.9417521,60.1658884
tertiary,30,296250765,24.9418225,60.1659982
residential,30,292859342,24.9415885,60.1660123
tertiary,30,25291565,24.939344,60.1651348
tertiary,30,310151301,24.9394949,60.1651875
tertiary,30,310150364,24.9392552,60.1651038
residential,30,292859324,24.9392584,60.1651958
residential,30,292858658,24.939421,60.1650799
tertiary,30,25291591,24.9355842,60.1653511
tertiary,30,299968940,24.9355091,60.1654034
primary,30,311746602,24.9354875,60.1653256
tertiary,30,313984215,24.9343528,60.1633928
tertiary,30,313984206,24.9346401,60.1634945
tertiary,30,292858656,24.93458,60.1633883
secondary,30,295946129,24.9326533,60.1711424
secondary,30,25416263,24.9273621,60.1694182
secondary,30,281702437,24.9275056,60.1694676
pedestrian,No data,295942981,24.9272603,60.169382
tertiary,30,281702433,24.9274637,60.1693562
service,30,25416267,24.9315761,60.1707248
service,30,295064651,24.931682,60.1706541
secondary,30,229088424,24.9317597,60.1707798
cycleway,No data,25473144,24.9319719,60.1710135
cycleway,No data,319821819,24.9296705,60.1702999
cycleway,No data,1783126396,24.9332349,60.1714678
steps,No data,1001544071,24.9322754,60.1710732
tertiary,30,846597955,24.9307513,60.1665712
service,30,56115897,24.9272265,60.1669427
service,30,303089523,24.9272521,60.1669974
residential,30,303089519,24.9272,60.1668904
residential,30,60278325,24.9270832,60.1669615
residential,30,60072524,24.9273707,60.1669242
residential,30,56116936,24.9246627,60.1634549
residential,30,528450746,24.9247721,60.1634928
residential,30,1372354271,24.9246048,60.1635029
pedestrian,No data,526728785,24.924575,60.1634317
residential,30,56116937,24.9266982,60.1641708
residential,30,298109405,24.9268497,60.1642246
residential,30,316631099,24.9265946,60.1641338
secondary,30,311511358,24.9267412,60.1641209
secondary,30,316631100,24.9266484,60.1642285
residential,30,57628555,24.9228993,60.1629059
residential,30,1842188399,24.923299,60.1626184
residential,30,9216228412,24.9225982,60.1632863
cycleway,No data,2427185274,24.9228262,60.1628821
cycleway,No data,2427185276,24.9229618,60.1629262
residential,30,60004721,24.9274293,60.1636339
residential,30,299973744,24.9275659,60.1636805
secondary,30,1008183951,24.9274986,60.1635827
residential,30,243142605,24.9273262,60.1635987
secondary,30,298367364,24.9273703,60.1636758
cycleway,No data,311043030,24.9278206,60.1613996
secondary,30,292719583,24.935775,60.1711483
secondary,30,295944016,24.9342605,60.1711452
residential,30,296045345,24.9251145,60.1659304
residential,30,296045354,24.9251749,60.1658686
primary,40,60070671,24.9207756,60.1644269
residential,30,7699019923,24.9276531,60.1668862
living_street,No data,303089522,24.9273874,60.1669806
cycleway,No data,303089518,24.9273409,60.1668718
pedestrian,No data,60130428,24.9323753,60.1701492
pedestrian,No data,295939020,24.9324994,60.1700704
footway,No data,3238771304,24.9324716,60.1701833
footway,No data,3238771301,24.9322824,60.1701168
service,No data,295057571,24.9374004,60.1694944
service,30,313962116,24.937189,60.1694636
service,No data,295055252,24.9362599,60.169061
service,30,313962118,24.9372886,60.1693994
residential,30,60170470,24.9392085,60.1677303
residential,30,295055291,24.9391226,60.1677008
residential,30,295058921,24.9392639,60.1676904
pedestrian,No data,295055257,24.9393148,60.1677609
residential,30,60170471,24.9345148,60.1661175
residential,30,298372991,24.9346018,60.1661474
residential,30,298372985,24.9344249,60.1660866
tertiary,30,298372076,24.9344435,60.1661693
living_street,No data,303089524,24.9271148,60.1670139
residential,30,8244768393,24.9265937,60.1670262
pedestrian,No data,60457057,24.9240678,60.1632627
pedestrian,No data,320953476,24.9241487,60.1632906
pedestrian,No data,7699431227,24.9238484,60.1631814
cycleway,No data,295944030,24.9342635,60.171206
cycleway,No data,289565206,24.935762,60.1711603
unclassified,30,103062861,24.9234431,60.1625041
unclassified,30,529507770,24.9228714,60.1622994
service,No data,148875335,24.9292701,60.1698289
service,No data,295063670,24.9291059,60.169777
unclassified,30,295063675,24.9292136,60.1698723
unclassified,30,289568466,24.930398,60.1689941
tertiary,30,950047945,24.9278483,60.1691371
residential,30,149030035,24.9247721,60.1648792
residential,30,268413777,24.9247908,60.1648042
secondary,30,1008183915,24.9248128,60.164882
residential,30,149030036,24.9248108,60.1646621
residential,30,526728813,24.9237144,60.1642821
residential,30,311042173,24.9254685,60.1628759
residential,30,268177652,24.9259947,60.1631392
footway,No data,150532957,24.923235,60.1646725
steps,No data,319886202,24.9238484,60.1659949
footway,No data,150538625,24.9256869,60.165113
footway,No data,295941922,24.9256134,60.1651681
footway,No data,1861896806,24.9257507,60.1650644
tertiary,30,319885318,24.9255011,60.1650619
tertiary,30,150538628,24.9270308,60.1655805
tertiary,30,1861896838,24.9265122,60.1653966
footway,No data,7608623767,24.9269542,60.165638
footway,No data,1861896856,24.9271845,60.1654575
service,No data,150548868,24.9213067,60.1652661
service,No data,319892634,24.921127,60.1652584
service,No data,311510901,24.9214004,60.16527
primary,40,319896278,24.9211781,60.1667939
residential,30,150983569,24.933579,60.1678219
residential,30,301360871,24.933632,60.1677846
tertiary,30,6339908478,24.9333568,60.1677477
tertiary,30,1378036892,24.9337601,60.1678855
unclassified,30,150991875,24.9309852,60.1685748
unclassified,30,1355987105,24.9314166,60.168266
pedestrian,No data,9327554282,24.9311205,60.1686258
residential,30,159619609,24.9240756,60.1615608
residential,30,1372318829,24.9239221,60.1614965
residential,30,337733962,24.9243491,60.161673
primary,30,568147281,24.9231895,60.1620911
footway,No data,319522969,24.938832,60.1662521
residential,30,241378309,24.9237567,60.1622614
residential,30,203256779,24.9302275,60.1631887
residential,30,3213972677,24.9308338,60.1627994
residential,30,3206007865,24.930173,60.1633523
service,No data,3206001760,24.9299718,60.1632853
steps,No data,7687786221,24.9357755,60.1680656
secondary,30,289567401,24.9324118,60.1710613
service,No data,229088419,24.9323639,60.1709976
residential,30,8935925944,24.9256558,60.1618979
footway,No data,1377247107,24.9263396,60.1643214
residential,30,237415398,24.9225253,60.1637741
residential,30,2427185285,24.9227389,60.1639421
residential,30,9216228416,24.9225326,60.163549
cycleway,No data,529507785,24.9223536,60.163768
cycleway,No data,337733969,24.9235916,60.1622133
residential,30,241378812,24.9237893,60.1623456
steps,No data,241530019,24.9249994,60.1618101
steps,No data,299973291,24.9246697,60.1617042
footway,No data,1007925119,24.9257361,60.1618425
residential,30,6837885709,24.9266249,60.1633582
footway,No data,246378207,24.9284619,60.1667821
footway,No data,303089517,24.9284273,60.1667237
residential,30,7699019916,24.9285403,60.1667714
footway,No data,246378209,24.9298535,60.1664035
footway,No data,1861896916,24.9298005,60.1664382
tertiary,30,724233128,24.9300219,60.1664345
steps,No data,7608086640,24.930299,60.1635752
footway,No data,7699579629,24.9324379,60.1645259
steps,No data,298372984,24.9337166,60.1665969
cycleway,No data,258188403,24.9226688,60.1620253
footway,No data,292859329,24.939351,60.1652294
footway,No data,316411348,24.9407709,60.1663405
footway,No data,248185585,24.9403219,60.1666012
steps,No data,316421385,24.9404061,60.1667562
footway,No data,5299885142,24.9394854,60.1662706
corridor,No data,249350774,24.9330726,60.1694715
corridor,No data,256272636,24.9331511,60.1694973
steps,No data,3044084670,24.9325458,60.1692995
corridor,No data,2918415049,24.9341287,60.1698706
corridor,No data,249350785,24.9333646,60.1695862
footway,No data,255385012,24.9272827,60.1615507
residential,30,266159806,24.9273636,60.161492
residential,30,3204456588,24.9270884,60.1616931
footway,No data,292859610,24.9289907,60.1620587
footway,No data,256257126,24.9381052,60.1690527
footway,No data,10862248789,24.9385614,60.1692596
footway,No data,256257232,24.9380772,60.1689441
steps,No data,256258038,24.9385082,60.1692413
footway,No data,256257159,24.938305,60.168706
footway,No data,10860224075,24.9381734,60.1687963
footway,No data,256257206,24.9388771,60.16877
steps,No data,10860224080,24.9381278,60.1688829
footway,No data,7690598259,24.9382338,60.1685409
footway,No data,515627084,24.937575,60.168878
footway,No data,256257217,24.9367436,60.1689608
footway,No data,515627088,24.9371026,60.1690942
corridor,No data,256274814,24.9347962,60.1690336
footway,No data,6152373294,24.9380715,60.1690793
steps,No data,256257241,24.9384783,60.1692321
footway,No data,10862248776,24.9381365,60.1690738
footway,No data,256258040,24.9383364,60.1695719
steps,No data,316414442,24.9382428,60.1696349
footway,No data,256267080,24.9337491,60.1691795
footway,No data,256272596,24.9333992,60.1694181
footway,No data,256272915,24.9332402,60.1692536
footway,No data,3227099064,24.9315089,60.1686755
footway,No data,256276577,24.9323172,60.1689451
steps,No data,256274810,24.9335543,60.1693286
footway,No data,256267082,24.9334799,60.1693818
footway,No data,256272634,24.9334087,60.1694309
footway,No data,256272912,24.933335,60.1693324
pedestrian,No data,9327554268,24.9341148,60.1695901
footway,No data,506361728,24.9311234,60.1687547
footway,No data,256272627,24.9314633,60.1686937
steps,No data,3226782834,24.9313613,60.1686579
footway,No data,256272631,24.9303916,60.1683609
footway,No data,3215613554,24.9303427,60.1683977
steps,No data,295058219,24.9309635,60.1676202
footway,No data,256275414,24.9306103,60.1684305
steps,No data,9327554273,24.9331066,60.1697304
footway,No data,9337759428,24.9346378,60.1691482
steps,No data,295058201,24.9312095,60.1679612
corridor,No data,3226782851,24.9323285,60.1688456
corridor,No data,9336944376,24.9321223,60.1690737
corridor,No data,256276579,24.9322913,60.1688329
steps,No data,3226782853,24.9321899,60.1689241
primary,30,258187677,24.9242324,60.1614737
footway,No data,258187679,24.9240924,60.1614083
primary,30,9378865920,24.9265322,60.1610474
secondary,30,258188404,24.9228604,60.1620949
primary,40,568147276,24.9229655,60.1620153
secondary,40,258189020,24.9229039,60.162278
primary,40,529507771,24.9226654,60.1622295
cycleway,No data,265975172,24.9279097,60.169757
steps,No data,1783126352,24.9276307,60.1695772
residential,30,266159793,24.9311603,60.1626342
residential,30,6054253595,24.9313136,60.1625226
residential,30,7427913197,24.9309883,60.1627371
primary,30,311509914,24.9272223,60.1614436
residential,30,266159899,24.9275035,60.1613907
primary,30,311043033,24.9275835,60.1615673
primary,30,311043031,24.9277253,60.161467
residential,30,1897461604,24.9298335,60.1665265
residential,30,7699019903,24.9295301,60.1666323
residential,30,6837885713,24.9260649,60.1631638
residential,30,10593987950,24.9253661,60.1629336
footway,No data,1783126188,24.9222862,60.1637536
cycleway,No data,526728822,24.9246774,60.1647977
cycleway,No data,268413883,24.9225573,60.1648363
steps,No data,1372388327,24.9224995,60.1648833
cycleway,No data,276382718,24.9264447,60.1657415
cycleway,No data,2484761189,24.926519,60.1657319
cycleway,No data,1008235262,24.9264244,60.1657027
footway,No data,3205236765,24.9259587,60.1658184
footway,No data,281702369,24.9274211,60.169506
cycleway,No data,281702430,24.9273664,60.1693197
cycleway,No data,6343007829,24.927586,60.1692808
cycleway,No data,281702435,24.9275931,60.1694128
cycleway,No data,281704076,24.9277697,60.1693153
secondary,30,295063686,24.9289181,60.1699041
service,No data,148875337,24.9276306,60.1692546
cycleway,No data,950047954,24.9278154,60.1692886
footway,No data,6343007821,24.9285192,60.1689061
footway,No data,1973739969,24.9289036,60.1685951
footway,No data,281704080,24.9288297,60.1685646
tertiary,30,282730727,24.9289881,60.1684049
residential,30,282731146,24.9288943,60.1683627
tertiary,30,282730917,24.9292557,60.1684381
service,No data,719891446,24.9294363,60.168442
service,No data,282731048,24.929365,60.1685346
service,No data,282730745,24.9292433,60.1684994
tertiary,30,6343007825,24.9283689,60.1688514
footway,No data,5810524709,24.9285715,60.1681923
secondary,30,289567397,24.9327301,60.1711407
service,No data,289567398,24.9327814,60.1710447
service,20,1371731204,24.93341,60.1706037
cycleway,No data,296043622,24.9329363,60.1710502
footway,No data,289567988,24.9304535,60.1703772
footway,No data,295062574,24.9305374,60.1703088
secondary,30,295062587,24.9314269,60.1706817
service,No data,289568006,24.9304237,60.1702741
service,No data,1371748762,24.9303559,60.1703398
footway,No data,289568479,24.9305339,60.1690385
footway,No data,295063669,24.9302793,60.1689553
footway,No data,289568478,24.9306388,60.1689626
pedestrian,No data,10086596420,24.9307985,60.168851
pedestrian,No data,10086596439,24.9308966,60.1690475
pedestrian,No data,10086596430,24.9309244,60.1691662
secondary,30,289568485,24.9292555,60.1699903
secondary,30,447915064,24.9293688,60.1700258
cycleway,No data,313984205,24.9346706,60.1634218
tertiary,30,7908131198,24.9353052,60.1628711
cycleway,No data,310148893,24.939514,60.1651114
residential,30,7631766093,24.9401197,60.1645745
residential,30,7668950091,24.9420413,60.1656779
cycleway,No data,296250768,24.9418479,60.1659235
cycleway,No data,292859321,24.9344228,60.1635027
cycleway,No data,313984213,24.9343157,60.1634644
cycleway,No data,313984204,24.9368456,60.1643548
tertiary,30,300020877,24.9356541,60.1653016
cycleway,No data,310150363,24.9391693,60.1651642
residential,30,299968469,24.9379729,60.1661118
cycleway,No data,296250746,24.9414731,60.1659744
residential,30,296250755,24.9403107,60.1669211
primary_link,30,266159814,24.9286737,60.161943
cycleway,No data,293390266,24.9347641,60.1686465
cycleway,No data,295056690,24.9347216,60.1686384
cycleway,No data,659998480,24.9349809,60.1687216
footway,No data,2260404114,24.9348305,60.1686026
cycleway,No data,293390335,24.9358803,60.1690395
cycleway,No data,295057706,24.9353009,60.1688363
cycleway,No data,6052006595,24.9359718,60.1690762
footway,No data,313962121,24.9359242,60.1690094
footway,No data,7687786283,24.937109,60.1684005
footway,No data,295055259,24.9367359,60.1685737
service,No data,1371750101,24.936127,60.1690084
footway,No data,313962120,24.9361978,60.1691028
footway,No data,313962119,24.9363049,60.1690307
pedestrian,No data,9580009677,24.939403,60.1677917
footway,No data,8874925446,24.9396243,60.1675078
residential,30,295056672,24.9362408,60.1689305
footway,No data,7698729472,24.936859,60.168407
footway,No data,295058834,24.9374895,60.1680304
footway,No data,295055265,24.9374901,60.1679539
footway,No data,7694456392,24.9373223,60.167853
footway,No data,295055275,24.9376228,60.1679477
residential,30,295055293,24.9391326,60.1677816
footway,No data,7694456419,24.9380162,60.167398
residential,30,5047535973,24.9379451,60.1672962
cycleway,No data,295056669,24.9361381,60.1691428
cycleway,No data,295057564,24.9370852,60.1695007
residential,30,659998488,24.9361539,60.1689887
footway,No data,7698784979,24.9350061,60.1685033
footway,No data,2260404103,24.9349122,60.1685485
footway,No data,295056692,24.9341517,60.1689869
cycleway,No data,389498055,24.9345832,60.1685664
steps,No data,311750235,24.9344238,60.1690759
footway,No data,313972555,24.9316933,60.1682526
footway,No data,7698729481,24.9358983,60.168839
footway,No data,295056712,24.9359958,60.1689592
cycleway,No data,295057566,24.9372867,60.1695663
footway,No data,313959326,24.9373474,60.1695279
service,No data,313962123,24.9353586,60.1687968
footway,No data,11150208486,24.9309157,60.1685004
footway,No data,295058212,24.9315327,60.1683312
footway,No data,301362089,24.9310921,60.167617
footway,No data,1934490996,24.9308751,60.1675528
tertiary,30,295058226,24.930776,60.1674991
footway,No data,295058427,24.9300526,60.1684778
steps,No data,318044441,24.931183,60.168853
footway,No data,11150208479,24.9299757,60.168535
residential,30,7687786267,24.9370833,60.1683232
residential,30,8874925445,24.9395436,60.1674838
cycleway,No data,3238771307,24.9305753,60.1702842
footway,No data,6343007820,24.928444,60.1689462
cycleway,No data,6046510362,24.9302804,60.1688315
unclassified,30,1371748760,24.9291066,60.1699542
footway,No data,447915066,24.9295145,60.1699938
footway,No data,295933322,24.9302244,60.1702937
footway,No data,447915077,24.9301274,60.1701904
footway,No data,1025771342,24.9311575,60.1696023
footway,No data,1025771343,24.931189,60.1697253
footway,No data,3205236789,24.9265468,60.166975
cycleway,No data,2484761188,24.9266073,60.1657212
cycleway,No data,981913177,24.9271957,60.1665205
cycleway,No data,295700998,24.9331397,60.1712052
footway,No data,1783126392,24.933503,60.1714136
footway,No data,1783126382,24.9301282,60.1703721
pedestrian,No data,295939019,24.9336255,60.1704584
pedestrian,No data,8075562082,24.933916,60.1702497
pedestrian,No data,3660682754,24.9326866,60.1699352
footway,No data,3660682755,24.9325854,60.1701
footway,No data,295941918,24.9257271,60.1648987
secondary,30,1372425724,24.9256618,60.1649479
secondary,30,298109400,24.9261573,60.1645841
footway,No data,295941920,24.9258406,60.165001
footway,No data,7077668187,24.9264775,60.1651726
tertiary,30,7077668188,24.9264374,60.1652027
cycleway,No data,2484761179,24.9262234,60.1653725
residential,30,295942517,24.9278124,60.1678988
residential,30,319797347,24.9284099,60.1681903
pedestrian,No data,295942519,24.9246799,60.1683227
pedestrian,No data,1378064357,24.9246415,60.1682686
pedestrian,No data,301362320,24.9269004,60.1691996
footway,No data,295944004,24.9342615,60.1710793
service,No data,295946884,24.9237239,60.1660617
service,No data,1372461707,24.9238254,60.1660482
footway,No data,1783126249,24.923776,60.1660053
footway,No data,295947986,24.9244542,60.1672443
footway,No data,295946892,24.9243376,60.1673202
footway,No data,7694174359,24.9248686,60.1681782
footway,No data,7694174362,24.9247218,60.1681972
footway,No data,1019881070,24.924864,60.1682404
footway,No data,295946913,24.9275454,60.1678166
footway,No data,295946916,24.9278323,60.1677755
living_street,No data,1378064355,24.9275758,60.1678697
footway,No data,5245382349,24.927447,60.1678299
living_street,No data,3205236813,24.9273503,60.1674383
service,No data,1019881075,24.9278645,60.1678301
living_street,No data,7699019941,24.9276408,60.1674453
residential,30,296045356,24.9238577,60.1661085
residential,30,295948400,24.925717,60.1670791
residential,30,295948401,24.9239528,60.1660313
residential,30,1382297469,24.9241687,60.1660026
footway,No data,295948403,24.9245952,60.167285
residential,30,1019881012,24.9256349,60.1671488
cycleway,No data,3238772786,24.9333942,60.1710746
residential,30,296045343,24.9253928,60.1664791
residential,30,3205236774,24.9253622,60.1664187
residential,30,1382297463,24.9254252,60.1658363
residential,30,296045359,24.9258713,60.1671182
residential,30,3205236795,24.9264859,60.1670404
footway,No data,3205236775,24.9252895,60.1664288
footway,No data,432495836,24.9250041,60.1658914
footway,No data,296047175,24.9309832,60.1673304
footway,No data,719891375,24.9311458,60.1673173
tertiary,30,3205997645,24.9306978,60.1667343
footway,No data,296047183,24.9331242,60.1671023
tertiary,30,301360876,24.9326315,60.1674332
footway,No data,296250736,24.9401836,60.1670157
footway,No data,8874984254,24.940564,60.1671446
footway,No data,8874984257,24.9401298,60.1671491
footway,No data,296250734,24.9403394,60.1669995
footway,No data,3227951596,24.9411779,60.1672338
primary,30,1377211669,24.9402481,60.1669677
residential,30,3228706311,24.9398553,60.1672566
footway,No data,296250741,24.9401589,60.1669367
primary,30,1377209035,24.9395251,60.1667185
cycleway,No data,6497762827,24.9414476,60.1659648
footway,No data,296250763,24.9416919,60.1660463
tertiary,30,7628444158,24.9420545,60.1660789
footway,No data,6497762826,24.9417329,60.1660598
cycleway,No data,7628444174,24.9420749,60.1660055
footway,No data,298107341,24.9274317,60.16549
residential,30,319706170,24.9278415,60.1651957
footway,No data,298109403,24.9262785,60.1646252
secondary,30,298109408,24.9262425,60.1645231
footway,No data,298109409,24.9263591,60.1645657
residential,30,7648599755,24.9277717,60.1645535
footway,No data,298109972,24.9283638,60.1648299
footway,No data,298109736,24.928332,60.1647534
residential,30,7894000204,24.9281151,60.164676
footway,No data,298367984,24.9291153,60.1642932
footway,No data,298109741,24.9290968,60.1642103
footway,No data,7653197735,24.9288222,60.1644077
residential,30,7893742779,24.9289426,60.164157
footway,No data,298109743,24.9301618,60.163532
residential,30,7868546257,24.9298007,60.1637972
residential,30,1372233754,24.9301786,60.1634462
footway,No data,7608086642,24.9302311,60.1636084
primary,30,298109746,24.9304145,60.1635289
footway,No data,298109749,24.9331507,60.1644157
tertiary,30,7698602839,24.9338106,60.1639381
footway,No data,319827852,24.9337723,60.1638698
footway,No data,313984212,24.9329806,60.1644394
footway,No data,7608086656,24.9296936,60.1639864
footway,No data,298109967,24.9292843,60.1642741
footway,No data,7608086658,24.9294177,60.1642553
footway,No data,315387775,24.9292479,60.1641915
residential,30,7615431033,24.9297146,60.1644265
footway,No data,298109970,24.9285073,60.1648152
footway,No data,3214939958,24.9304035,60.1654161
footway,No data,298109973,24.9284892,60.1647417
residential,30,3214941261,24.9303379,60.1654626
residential,30,7653197734,24.9289097,60.1644405
footway,No data,7894000208,24.9281806,60.1646328
footway,No data,6339908460,24.9324385,60.1684081
footway,No data,301361388,24.9339741,60.1689667
footway,No data,6339908458,24.9332669,60.1686833
footway,No data,311747902,24.9347606,60.1684274
footway,No data,298137943,24.9348303,60.168262
tertiary,30,1371750099,24.9349361,60.1682996
tertiary,30,6339908473,24.9341697,60.1680296
footway,No data,298137948,24.9359705,60.1674381
footway,No data,298278778,24.9360022,60.1675242
residential,30,8856750691,24.9355111,60.1672822
footway,No data,299968471,24.938011,60.1661972
footway,No data,298372999,24.9369482,60.1669536
footway,No data,7690598271,24.9369584,60.1670367
footway,No data,298373001,24.9367678,60.1669742
footway,No data,298275983,24.9361992,60.1675123
footway,No data,7694456402,24.9363125,60.1675026
residential,30,7698669739,24.936498,60.1676157
footway,No data,298275987,24.9361085,60.167558
footway,No data,9782069087,24.9362943,60.1676213
footway,No data,7698792296,24.9359951,60.1676396
residential,30,298275993,24.9361468,60.1674204
residential,30,7687786220,24.9354289,60.1679444
footway,No data,6837885712,24.9261316,60.1631161
footway,No data,6837885708,24.9266958,60.1633079
footway,No data,6837885724,24.9279869,60.1631162
footway,No data,298367079,24.9283964,60.1628198
residential,30,1372318837,24.9284873,60.1628526
residential,30,6837885723,24.9277109,60.1625806
secondary,30,7653197775,24.9269061,60.1640026
footway,No data,7608623725,24.9292457,60.1643383
footway,No data,298368067,24.9319374,60.1652784
footway,No data,3214939938,24.9304096,60.1647444
footway,No data,298368073,24.9319105,60.1652039
footway,No data,298367993,24.9311462,60.1657485
footway,No data,298372068,24.9312922,60.1657299
residential,30,1372441183,24.9312273,60.1657772
footway,No data,1897461519,24.9304862,60.1663099
tertiary,30,1372441170,24.9319989,60.1652347
footway,No data,7702074851,24.9324647,60.1654631
footway,No data,298368069,24.9320932,60.1652675
residential,30,7702074848,24.9327267,60.1654902
footway,No data,7695014627,24.932237,60.1652532
footway,No data,298368071,24.932061,60.1651906
footway,No data,7698592798,24.9322454,60.1651556
tertiary,30,7690696527,24.9325727,60.1648282
footway,No data,7608623718,24.9317209,60.1650688
residential,30,1297403628,24.9314668,60.1650468
footway,No data,7701520595,24.9331918,60.1671422
footway,No data,298372080,24.9338304,60.1667115
footway,No data,7701520597,24.9346434,60.1670465
footway,No data,298372055,24.9333689,60.1657843
footway,No data,7702074844,24.9332408,60.1657388
service,No data,298372061,24.9334294,60.1657371
service,No data,298372064,24.9326421,60.166218
residential,30,7702074840,24.9336949,60.1658303
residential,30,7702074843,24.9333066,60.165694
service,No data,4524927399,24.93256,60.1662559
footway,No data,7702130658,24.9325174,60.1661718
footway,No data,301360194,24.9313151,60.1658088
tertiary,30,7687750041,24.9316022,60.1655129
footway,No data,298372071,24.9326054,60.1662717
residential,30,7687750052,24.933135,60.1664608
footway,No data,301360155,24.93236,60.1662536
footway,No data,301360145,24.9308307,60.1664762
tertiary,30,8856802602,24.9339864,60.1664947
residential,30,1377211667,24.9337346,60.1666759
footway,No data,298373727,24.9336512,60.166645
footway,No data,298373729,24.9338029,60.1666254
footway,No data,7687750057,24.9334647,60.166508
residential,30,7702074833,24.9340603,60.1659586
footway,No data,298372989,24.9345727,60.1660697
footway,No data,7699177469,24.9345398,60.1660027
footway,No data,7676757039,24.9348051,60.1661523
residential,30,8856704555,24.9350234,60.1662929
footway,No data,8856704592,24.9366626,60.1669345
footway,No data,310042886,24.9367535,60.1668867
footway,No data,8856831429,24.936606,60.1669942
footway,No data,5047535974,24.9379967,60.1672578
footway,No data,298372997,24.9368962,60.166877
footway,No data,7676879069,24.9375993,60.1661244
footway,No data,299968946,24.9378376,60.1662095
footway,No data,299968465,24.9378178,60.1661296
footway,No data,7676879071,24.9377301,60.1661923
residential,30,7676890497,24.9370688,60.1667553
residential,30,7702130668,24.9333128,60.1665242
tertiary,30,298373896,24.9336518,60.166737
tertiary,30,9554399751,24.9333731,60.16693
footway,No data,298373925,24.9324464,60.1674537
tertiary,30,1371750094,24.9325536,60.1674849
primary,30,7676879065,24.9376107,60.1660575
residential,30,1377211666,24.9379056,60.1661604
service,No data,299968475,24.9385788,60.1664534
service,No data,1377208998,24.9386405,60.166412
footway,No data,299968477,24.939453,60.1667631
service,No data,5307121094,24.9394198,60.1667915
footway,No data,7676879022,24.9357411,60.1654825
footway,No data,7676757070,24.935536,60.1654844
footway,No data,311746601,24.9356791,60.1653846
footway,No data,299968943,24.9354194,60.1653708
tertiary,30,7676757064,24.9352044,60.1656191
footway,No data,7695105607,24.9352191,60.1653005
footway,No data,7699183111,24.9352717,60.1654769
footway,No data,313987272,24.925023,60.1613794
footway,No data,1372318830,24.9246004,60.1616819
footway,No data,299973742,24.9284264,60.1628983
secondary,30,6837885725,24.9280865,60.163149
footway,No data,6837885722,24.9276435,60.1626275
residential,30,3205178789,24.9277821,60.1637553
footway,No data,3205178783,24.9278401,60.1637115
footway,No data,300020623,24.933003,60.1645235
tertiary,30,1377610493,24.933074,60.1644717
footway,No data,319797348,24.9284671,60.1681529
footway,No data,3205997635,24.9305318,60.1666026
footway,No data,1724857177,24.9299617,60.1665668
footway,No data,7699019887,24.9301708,60.1666083
footway,No data,2037356634,24.9308115,60.1664217
residential,30,56113314,24.9306919,60.1664916
footway,No data,301360158,24.9322698,60.1661526
residential,30,1372441189,24.932452,60.166218
residential,30,569742461,24.9317431,60.1663431
residential,30,7702130648,24.9315824,60.165905
footway,No data,7687750048,24.932276,60.1660863
footway,No data,301360190,24.9311614,60.1658218
footway,No data,2154078763,24.9306204,60.1663105
footway,No data,301360877,24.9326652,60.1675161
footway,No data,7701447295,24.9328339,60.1673987
footway,No data,7701447285,24.9336261,60.1676988
residential,30,7701337664,24.9338253,60.1676456
footway,No data,1651494816,24.9323266,60.1677592
footway,No data,301362087,24.9324494,60.1675546
residential,30,301360890,24.9338426,60.1676331
residential,30,3216400389,24.9339332,60.1675668
service,No data,3216400394,24.9339199,60.1676616
footway,No data,644600029,24.9341123,60.1677326
footway,No data,301361066,24.9345349,60.1676506
footway,No data,301361067,24.9347352,60.1675112
unclassified,30,6339908459,24.9331664,60.1687567
footway,No data,3187253561,24.9303395,60.168809
footway,No data,301362075,24.9313568,60.1673865
footway,No data,1934490993,24.9313938,60.1674509
footway,No data,846597961,24.9312471,60.1675963
footway,No data,804644212,24.9314922,60.168062
footway,No data,301362088,24.9316963,60.1680838
residential,30,1651494815,24.9322175,60.1677224
residential,30,1371748756,24.9315415,60.1681888
unclassified,30,1371751516,24.9310317,60.1675426
pedestrian,No data,7694322994,24.926692,60.1691273
footway,No data,10086834367,24.9322245,60.1696012
steps,No data,6361390262,24.934596,60.1704238
steps,No data,981913174,24.9283198,60.1665348
footway,No data,1526960819,24.9297257,60.1664881
footway,No data,7699019917,24.9285661,60.16682
living_street,No data,7699019927,24.9274767,60.1671538
footway,No data,7690652159,24.9270013,60.1670283
living_street,No data,7690652166,24.9271395,60.1670587
footway,No data,7690652150,24.9266219,60.1670765
footway,No data,1371748754,24.9313428,60.1680872
residential,30,8856704588,24.9365018,60.1668002
cycleway,No data,310148889,24.9393326,60.1650484
footway,No data,7631766088,24.9396311,60.1648334
cycleway,No data,1007824446,24.9395716,60.165131
footway,No data,9561954668,24.9401487,60.1646533
cycleway,No data,7631477451,24.9390886,60.165136
tertiary,30,2195109748,24.9386239,60.1648839
footway,No data,1007824779,24.939411,60.1652493
tertiary,30,2195109761,24.9404777,60.1655307
footway,No data,6837885714,24.926051,60.1625553
residential,30,6837885715,24.9259569,60.1625223
cycleway,No data,311042174,24.9230031,60.1628957
pedestrian,No data,7699431231,24.923796,60.1631626
cycleway,No data,311509904,24.9274579,60.1612738
footway,No data,311043719,24.9293622,60.1619068
footway,No data,311086606,24.942673,60.1652214
footway,No data,311086401,24.9416509,60.1658514
tertiary,30,2195109765,24.9407682,60.1656322
footway,No data,6497762828,24.9416185,60.1658401
footway,No data,7668883887,24.9424512,60.1654836
footway,No data,311509908,24.9273628,60.1613423
cycleway,No data,3679363267,24.9268633,60.1610689
primary,30,1372318826,24.9253976,60.1611196
footway,No data,311510898,24.9214815,60.1648237
footway,No data,313984197,24.9370225,60.164414
primary,30,7695105593,24.9345957,60.1650098
footway,No data,311747899,24.9350331,60.1682343
footway,No data,7694935781,24.9332196,60.1645987
footway,No data,7694935779,24.9328135,60.164756
footway,No data,313984211,24.933167,60.1645039
footway,No data,7690661313,24.9328231,60.1644599
steps,No data,7690696519,24.9327524,60.1646057
steps,No data,312271847,24.9331384,60.1670033
tertiary,40,313937382,24.9213964,60.1636241
service,No data,318468417,24.9210489,60.1635759
cycleway,No data,1519889249,24.92086,60.1635075
tertiary,30,313959344,24.9374538,60.1694606
tertiary,30,659998486,24.9350379,60.1686809
tertiary,30,313963185,24.9346652,60.1685078
unclassified,30,6339908461,24.9323458,60.1684759
tertiary,30,537519882,24.9374116,60.1644598
footway,No data,1007824762,24.9371042,60.1644425
footway,No data,9195348968,24.9372764,60.164323
footway,No data,9195348964,24.9369602,60.1642186
footway,No data,1007824561,24.9367974,60.1643371
tertiary,30,7631663001,24.9362131,60.164044
cycleway,No data,6518255471,24.9347154,60.1634383
footway,No data,7629116282,24.9352491,60.1630054
footway,No data,6518255472,24.9345632,60.1635513
tertiary,30,7631663005,24.9352424,60.1637039
footway,No data,313984207,24.9345164,60.1635353
footway,No data,319942038,24.9344175,60.1636054
primary,30,319938387,24.9325857,60.1642993
cycleway,No data,6518255473,24.9342734,60.1634501
footway,No data,6518255474,24.9344322,60.1633355
tertiary,30,337786164,24.9341502,60.1633221
footway,No data,9378865945,24.926137,60.1606684
footway,No data,1005744116,24.9251169,60.160835
cycleway,No data,9697824217,24.9210675,60.1628029
cycleway,No data,6555239719,24.9215372,60.1628441
footway,No data,315385124,24.9380347,60.1636002
tertiary,30,7884270180,24.9376548,60.1638744
footway,No data,7690617896,24.9290911,60.1641362
residential,30,7868546256,24.9296648,60.1638942
footway,No data,316411347,24.9408999,60.1664046
footway,No data,1377247105,24.9262324,60.1642831
cycleway,No data,316631102,24.9253087,60.1647972
cycleway,No data,526728825,24.9254275,60.1648382
footway,No data,318466947,24.9285521,60.1660636
footway,No data,2484789050,24.9285851,60.1660379
cycleway,No data,2484774547,24.9274026,60.1657255
service,No data,568147264,24.9214018,60.1635887
primary,40,1372425713,24.9210628,60.1635162
footway,No data,319522957,24.9404085,60.1655905
service,No data,319528423,24.9409858,60.1672268
service,No data,319528424,24.9409247,60.1672694
service,No data,8776553623,24.9223773,60.1669296
footway,No data,319795913,24.9289033,60.1676347
service,No data,319795919,24.92893,60.1676861
footway,No data,7699019949,24.9291896,60.1675969
residential,30,11150189765,24.9286336,60.1677254
residential,30,7699019948,24.929217,60.1676484
steps,No data,7908376921,24.9402381,60.1645888
service,No data,319827847,24.9338617,60.1639011
service,No data,7646006165,24.9331391,60.1636489
footway,No data,7646006162,24.9338859,60.1636327
footway,No data,433724991,24.9310772,60.1694953
secondary,30,2484729991,24.9254098,60.1650416
footway,No data,1382297468,24.9241426,60.1659557
footway,No data,1382297459,24.9253968,60.1657859
primary,40,2399857223,24.9212632,60.1669002
footway,No data,10049609413,24.9214713,60.1667964
footway,No data,433724995,24.9304915,60.169286
steps,No data,7676879053,24.9369569,60.1659025
primary,30,7690661299,24.9324525,60.1642521
footway,No data,319938943,24.932122,60.1641348
primary,30,3214962733,24.9316595,60.1639707
footway,No data,7699019930,24.9275463,60.167282
steps,No data,7690715768,24.927304,60.1673559
footway,No data,7698602835,24.9340123,60.1638971
footway,No data,7631477480,24.9380277,60.1647676
footway,No data,7699579674,24.9375803,60.1672492
footway,No data,1405825505,24.921707,60.1647845
cycleway,No data,321383389,24.9335767,60.1630371
cycleway,No data,337786130,24.9337687,60.1631022
service,No data,25282064,24.9208427,60.1636054
tertiary,30,1861896877,24.9273905,60.1655195
footway,No data,719891439,24.9232983,60.1621274
service,No data,7169794599,24.9327592,60.1632144
cycleway,No data,337786142,24.9340482,60.1631968
service,No data,337786153,24.9336906,60.1631619
cycleway,No data,337786168,24.9342346,60.1632651
tertiary,30,1007824554,24.9332316,60.1630021
cycleway,No data,7646215190,24.9343107,60.1632922
steps,No data,9195348972,24.9382192,60.1646569
footway,No data,347376695,24.9353465,60.1636638
cycleway,No data,347376700,24.9354123,60.16369
cycleway,No data,7629116278,24.9355502,60.1637389
service,30,368326806,24.9271657,60.1656995
service,30,1861896888,24.9272079,60.1656381
steps,No data,9327554277,24.9313418,60.1693024
footway,No data,8251160521,24.9314972,60.1693532
service,No data,434103405,24.9391092,60.1670053
service,No data,5307121088,24.9386346,60.1669019
footway,No data,434407217,24.9265351,60.1620992
footway,No data,3204456586,24.9270008,60.1616628
footway,No data,434407222,24.9263519,60.1621321
footway,No data,434407227,24.9265577,60.1621804
residential,30,434407223,24.9263765,60.1622185
footway,No data,6837885717,24.9268687,60.1623579
residential,30,6837885718,24.926935,60.1623098
footway,No data,434558043,24.9230831,60.1646249
service,No data,719891484,24.9229627,60.164563
residential,30,526728816,24.9235205,60.1643017
cycleway,No data,1783126212,24.922868,60.1646531
secondary,30,447915080,24.9301098,60.1702557
service,No data,506361711,24.9324231,60.1691927
service,No data,506361713,24.9323349,60.1691622
service,No data,506361714,24.9322475,60.1691331
service,No data,506361716,24.9321583,60.169103
service,No data,506361717,24.9320686,60.1690732
service,No data,506361718,24.9319823,60.1690443
service,No data,506361719,24.9318967,60.1690154
service,No data,506361720,24.9318111,60.1689866
service,No data,506361721,24.9317248,60.1689575
service,No data,506361722,24.9316396,60.1689287
service,No data,506361723,24.931553,60.1688995
service,No data,506361724,24.9314672,60.1688706
service,No data,506361725,24.931381,60.1688415
service,No data,506361726,24.9312953,60.1688126
service,No data,506361727,24.9312095,60.1687837
service,No data,506361729,24.9310364,60.1687269
footway,No data,7694551506,24.9371895,60.1687382
residential,30,526728805,24.9234695,60.164199
footway,No data,526728808,24.9236909,60.1641774
residential,30,10695632364,24.9241104,60.1638718
cycleway,No data,1011525866,24.9232817,60.1647289
secondary,30,247324818,24.9224773,60.1621586
tertiary,30,7884134654,24.9376777,60.1645538
service,No data,7908131201,24.9375035,60.1644034
cycleway,No data,537519885,24.9375869,60.1646147
cycleway,No data,7631477477,24.9375404,60.1645981
cycleway,No data,537519902,24.9421174,60.1661859
cycleway,No data,7628444159,24.9419685,60.1661371
footway,No data,537519906,24.942712,60.1663954
cycleway,No data,7628444149,24.9426558,60.1663756
service,No data,7628444147,24.9427996,60.1663364
footway,No data,569742432,24.9309423,60.166781
footway,No data,7702047081,24.9309752,60.1668434
service,No data,9580439971,24.9308742,60.1667913
service,No data,569742460,24.931771,60.1663963
footway,No data,7698744389,24.935346,60.1686319
footway,No data,7687786255,24.9350914,60.1685359
footway,No data,2260404116,24.9351093,60.1686299
footway,No data,10086500367,24.9316028,60.1677716
service,No data,8129130587,24.9223832,60.1646175
residential,30,724233172,24.9300408,60.1664826
tertiary,30,1526055831,24.9302348,60.1664318
residential,30,724233143,24.9299256,60.1664705
cycleway,No data,9697839418,24.9213248,60.1626191
cycleway,No data,760001859,24.9209295,60.1633043
tertiary,30,2037356632,24.9307012,60.1664286
footway,No data,3205997633,24.9306089,60.1665891
tertiary,30,1372441192,24.9302765,60.1665004
tertiary,30,3205236838,24.9304439,60.1675786
tertiary,30,10651645575,24.9307397,60.16752
tertiary,30,6343007823,24.9282919,60.168893
tertiary,30,1371751515,24.9312369,60.1675167
footway,No data,1526055832,24.9290973,60.1664317
cycleway,No data,1001543865,24.9337319,60.1716896
steps,No data,1783126404,24.934187,60.1717396
steps,No data,9378865933,24.9250296,60.1607694
cycleway,No data,7628509306,24.9402337,60.1653601
footway,No data,1007824825,24.9333146,60.1629429
cycleway,No data,7631662993,24.9366999,60.1643034
cycleway,No data,7645919036,24.9334165,60.1629795
footway,No data,3206007867,24.9300143,60.1633881
unclassified,30,2484729990,24.9254728,60.1649924
secondary,30,3204482139,24.9255662,60.1649237
cycleway,30,3205236761,24.9259318,60.1657679
cycleway,No data,1011415132,24.937114,60.1642671
cycleway,No data,9195348966,24.9372401,60.1643102
service,No data,1405825508,24.9220519,60.1648161
cycleway,No data,1019881026,24.9232805,60.1670263
footway,No data,1783126222,24.9231658,60.1654674
footway,No data,1378064354,24.9279562,60.1678177
residential,30,5603170620,24.9250212,60.1682189
steps,No data,8251160520,24.9312903,60.1696471
footway,No data,1037119396,24.9360638,60.1707544
pedestrian,No data,9327554260,24.935023,60.1704934
footway,No data,6339908472,24.9340926,60.1680851
pedestrian,No data,6052006129,24.9329906,60.1698169
pedestrian,No data,9327554279,24.9323195,60.1696339
pedestrian,No data,8251160522,24.9317984,60.1694546
service,No data,7608623716,24.9315361,60.1650037
residential,30,7615431053,24.9310509,60.1648996
pedestrian,No data,10086834362,24.9337551,60.1700765
pedestrian,No data,8075562083,24.9339679,60.1702125
pedestrian,No data,9327554272,24.9341356,60.1700703
residential,30,319604907,24.9360607,60.1690577
primary,30,311043714,24.9295792,60.161975
primary,30,2390968896,24.9285725,60.1627948
residential,30,10695632363,24.9241489,60.1638448
tertiary,30,1372376963,24.9264324,60.1653721
residential,30,2484761182,24.9264828,60.1654724
service,No data,25216594,24.9210566,60.1647939
footway,No data,8129130580,24.9227094,60.1649319
footway,No data,1405825501,24.9224076,60.1648487
secondary,30,1861896796,24.9255718,60.1650119
footway,No data,3205997630,24.9303158,60.1665674
tertiary,30,7699019889,24.930095,60.1664859
steps,No data,7849084898,24.9347754,60.1655733
footway,No data,1377247109,24.9260288,60.1644235
footway,No data,1377247110,24.9261424,60.1644641
footway,No data,6339908477,24.9332785,60.1678035
residential,30,1378064353,24.9303389,60.1675117
residential,30,7699019962,24.9300548,60.1675428
service,No data,7699019975,24.9305654,60.167482
residential,30,4418311108,24.9283146,60.1677687
residential,30,3204603479,24.9274768,60.1678832
footway,No data,7698729479,24.9362478,60.1688438
footway,No data,7687786290,24.9365135,60.1688306
service,No data,1382297447,24.9259258,60.1655829
service,No data,1382297455,24.9247674,60.1657391
service,No data,4847656550,24.9219775,60.1657872
service,No data,8671723464,24.9215395,60.166454
service,No data,4847656556,24.9221871,60.1667317
service,No data,8753369343,24.9220803,60.1667131
service,No data,7669581434,24.9224613,60.1664468
service,No data,1382316772,24.9219549,60.1668358
service,No data,7669581433,24.9219621,60.1669086
service,No data,8671723463,24.9220253,60.167188
service,No data,7669669021,24.9226659,60.1671755
service,No data,1382316827,24.9226711,60.1672272
footway,No data,8776553621,24.9227885,60.1671758
service,No data,7669669022,24.9221406,60.1673404
service,No data,1382316853,24.9220255,60.1673419
steps,No data,7169099580,24.9316589,60.1632327
steps,No data,7628444165,24.9430009,60.1663282
cycleway,No data,8129130585,24.9225908,60.1645991
cycleway,No data,3676919275,24.9220824,60.1635704
pedestrian,No data,7694544827,24.9248037,60.1684273
footway,No data,3238772798,24.9345571,60.1719889
footway,No data,3676919264,24.9231147,60.1626773
footway,No data,1861896818,24.9266077,60.1652549
footway,No data,7116634714,24.9267538,60.1652697
tertiary,30,2484774534,24.9275489,60.1656107
steps,No data,7872065415,24.9320711,60.1660124
cycleway,No data,2195102681,24.935322,60.1636553
steps,No data,9195348961,24.9365507,60.1640888
footway,No data,9195348973,24.9387626,60.1648494
cycleway,No data,2195109745,24.9387062,60.1648294
service,No data,4405208422,24.9390663,60.1645765
tertiary,30,7631477464,24.9384756,60.1648322
cycleway,No data,2195109759,24.9405631,60.165474
cycleway,No data,7628444178,24.9408145,60.1655611
steps,No data,7628444179,24.9408932,60.1655884
cycleway,No data,2195109764,24.9408501,60.1655734
footway,No data,7628444173,24.9422232,60.166059
footway,No data,7628444175,24.9423443,60.1661028
footway,No data,7628444172,24.9425121,60.1661614
steps,No data,7628444168,24.9426849,60.1662204
footway,No data,7628444170,24.9427585,60.1662454
footway,No data,7628444171,24.9427971,60.1662586
tertiary,30,8077484702,24.9358208,60.1688938
footway,No data,2390968901,24.9286033,60.1628933
footway,No data,2399857222,24.9213455,60.1668837
cycleway,No data,6555239729,24.9224861,60.1627738
footway,No data,7701311938,24.9228365,60.1630156
footway,No data,2427185281,24.9228108,60.163885
footway,No data,7701311953,24.9226596,60.163557
steps,No data,7699349698,24.9230208,60.1639341
footway,No data,2427625519,24.935919,60.1691979
footway,No data,10769233452,24.9360426,60.1692387
cycleway,No data,2484761180,24.9263705,60.1654317
residential,30,314929251,24.9263165,60.1653342
tertiary,30,2484789047,24.9286591,60.1659875
footway,No data,2484774544,24.9274718,60.1656717
service,No data,7702130649,24.9316525,60.1658616
footway,No data,3213993836,24.9314105,60.1686416
pedestrian,No data,9327554270,24.9342329,60.1699037
service,No data,3204456612,24.9287589,60.1628798
service,No data,7648599735,24.9294512,60.1627485
service,No data,3204456617,24.9287088,60.1629303
service,No data,3205178761,24.9286662,60.1632215
service,No data,3205178763,24.9287633,60.1632277
service,No data,7690911486,24.9283095,60.1633882
footway,No data,7690635362,24.9288951,60.1631232
service,No data,3205178770,24.9292731,60.1634693
service,No data,6837885815,24.9289542,60.1636949
service,No data,7690617899,24.9281252,60.1635128
residential,30,7653197753,24.9280038,60.163832
service,No data,3205236791,24.9264565,60.1669869
service,No data,3205236793,24.9265741,60.1670288
footway,No data,7699019981,24.9306632,60.1674693
footway,No data,7699019982,24.9306795,60.1674857
cycleway,No data,7699019888,24.9301598,60.1665857
service,No data,3206007863,24.9298357,60.1633257
service,No data,7648599736,24.9299903,60.1629294
footway,No data,7690635367,24.9304084,60.163602
residential,30,3214939935,24.9304799,60.1646974
residential,30,7615431042,24.9305437,60.16472
residential,30,7632022993,24.9298982,60.1644915
footway,No data,7608623734,24.9298253,60.1645406
service,No data,7608623736,24.9302941,60.1648223
steps,No data,7608117695,24.9311906,60.1648813
primary,30,7690635377,24.9314158,60.1638842
service,No data,3214962735,24.9315877,60.164021
footway,No data,7690635383,24.9315086,60.1639929
footway,No data,7690661285,24.9316318,60.1640367
service,No data,3214962738,24.9315157,60.1640715
steps,No data,7608623721,24.9322322,60.1649765
footway,No data,3215613553,24.9302173,60.1683538
service,No data,7701337659,24.9338802,60.167514
steps,No data,3226782831,24.9314165,60.1686446
steps,No data,3226782839,24.9315008,60.1686739
footway,No data,3226782840,24.9313355,60.1686774
steps,No data,3226782845,24.931483,60.1687277
service,No data,3227176324,24.9351409,60.1662687
footway,No data,7676757037,24.9352568,60.1663089
service,No data,3227176325,24.9350793,60.1663115
residential,30,7676757030,24.9357624,60.1665461
footway,No data,3227200762,24.9348009,60.1658151
footway,No data,7699177484,24.9349207,60.165729
footway,No data,7699177472,24.9347264,60.1658686
service,No data,3227200764,24.9348936,60.1658386
service,No data,7699177474,24.9347629,60.165809
tertiary,30,7676757047,24.9347331,60.1659554
service,No data,3227951599,24.9411575,60.1672858
service,No data,3228706312,24.9399384,60.1672848
footway,No data,8874984259,24.9397871,60.1673923
footway,No data,9623103442,24.9378034,60.1645097
footway,No data,7702130653,24.9319424,60.1659661
service,No data,3632771658,24.9335088,60.1654511
service,No data,7699177455,24.9335234,60.1654403
service,No data,7698539433,24.9332818,60.165618
footway,No data,3632905501,24.9326804,60.1648496
service,No data,7695105596,24.9325863,60.1648186
service,No data,7694935768,24.9329926,60.1649569
cycleway,No data,6547958199,24.9221218,60.163063
cycleway,No data,9378865919,24.9266221,60.1609839
footway,No data,9378862810,24.9268418,60.1606623
footway,No data,9697926044,24.9211727,60.1627278
corridor,No data,4156819006,24.92967,60.1631526
corridor,No data,4156819008,24.9291548,60.162975
corridor,No data,4156818996,24.9294979,60.1630017
corridor,No data,4156818995,24.9292355,60.1629123
corridor,No data,4156819007,24.9294155,60.1630628
footway,No data,4156818997,24.9297556,60.1630912
service,No data,7892501737,24.9392186,60.1647027
service,No data,5810526576,24.9282862,60.1677169
service,No data,4524911341,24.9329382,60.1656313
footway,No data,7702074846,24.9327754,60.1655735
service,No data,4524911342,24.9330048,60.165588
residential,30,7698539437,24.9332197,60.1656635
service,No data,11150208494,24.9296974,60.1684762
footway,No data,5204428129,24.9304122,60.1687153
service,No data,5307121090,24.9382402,60.1667578
service,No data,5307121092,24.9385279,60.1664889
steps,No data,7669669020,24.9224462,60.1673755
service,No data,8671723462,24.9223819,60.1674991
service,No data,5810511572,24.924992,60.1681612
service,No data,5809140020,24.9231197,60.1634308
service,No data,7699431202,24.9231616,60.1634433
service,No data,7699349721,24.9228031,60.1633566
service,No data,5809140023,24.9240571,60.1635215
service,No data,7699431205,24.9232987,60.1634844
service,No data,7699349716,24.9240314,60.1635129
service,No data,7699349718,24.9237864,60.1634311
service,No data,7699349725,24.9231693,60.1631996
service,No data,5809140028,24.9235126,60.1639018
service,No data,7699431207,24.9232825,60.1636669
service,No data,5809140027,24.9231344,60.1637791
service,No data,7699431209,24.9231631,60.1637574
service,No data,7699431213,24.9233346,60.1638441
service,No data,5809140031,24.9240518,60.1638103
footway,No data,5809140035,24.924017,60.1638351
service,No data,7699349713,24.9239437,60.1637725
service,No data,7699349711,24.9239099,60.1637942
footway,No data,7694174357,24.9250522,60.1681531
service,No data,3203581102,24.9285099,60.1682256
service,No data,5826752387,24.9346535,60.166991
service,No data,5826752390,24.9346947,60.1669609
footway,No data,8856704609,24.9347862,60.1669923
footway,No data,8856704604,24.9346484,60.166945
footway,No data,6015791206,24.9230678,60.1617456
footway,No data,6015791208,24.9227051,60.1619485
steps,No data,6015791207,24.9226691,60.1619356
pedestrian,No data,8251160519,24.933052,60.169834
steps,No data,6361390263,24.9345404,60.1704635
steps,No data,6052006527,24.9333922,60.1700307
steps,No data,10086834361,24.9334657,60.1699759
steps,No data,6052006536,24.9336815,60.1701297
pedestrian,No data,9580009672,24.9400859,60.1680285
footway,No data,7701288186,24.9347932,60.1678931
footway,No data,7701288188,24.9348515,60.1678492
cycleway,No data,9570551179,24.9347335,60.1634446
cycleway,No data,7646006160,24.9336506,60.163234
pedestrian,No data,6555239726,24.922221,60.1628987
footway,No data,6837885710,24.926272,60.1631638
residential,30,6837885711,24.9262059,60.1632131
footway,No data,6837885716,24.9271466,60.1624546
footway,No data,6837885720,24.9272671,60.1624965
service,No data,6837885719,24.9272136,60.162407
residential,30,6837885721,24.9273332,60.1624488
service,No data,7690617900,24.9286522,60.1636938
service,No data,6837885816,24.9282552,60.1634226
service,No data,7690617905,24.9281657,60.1634848
footway,No data,7169794612,24.931457,60.1633742
service,No data,7169763673,24.9320337,60.16297
footway,No data,7169794585,24.93237,60.1631476
footway,No data,7169763683,24.9323073,60.1631253
service,No data,7169794586,24.932421,60.1631658
service,No data,7169763682,24.9323514,60.1630946
footway,No data,7169794596,24.9324025,60.1631129
footway,No data,7169794598,24.93261,60.1631673
steps,No data,7169794608,24.9317147,60.1630512
footway,No data,7608086644,24.9300673,60.1637249
footway,No data,7608086646,24.9299867,60.1637822
footway,No data,7608086650,24.9299333,60.1638205
footway,No data,7868546258,24.9299097,60.1638352
steps,No data,7608086652,24.9298501,60.1638775
footway,No data,7608086654,24.9297707,60.163932
footway,No data,7608086669,24.9297779,60.1643825
footway,No data,7615431038,24.9298152,60.1643957
footway,No data,7608086674,24.9302965,60.1645656
footway,No data,7615431035,24.9298549,60.1644097
footway,No data,7608086676,24.9304343,60.1646142
footway,No data,7608086678,24.9304745,60.1646284
footway,No data,7608086680,24.9305944,60.1646708
footway,No data,7608086682,24.9306136,60.1646779
footway,No data,7615431046,24.930681,60.1647015
steps,No data,7608086684,24.9307152,60.1647135
footway,No data,7608117686,24.9308005,60.1647436
footway,No data,7615431054,24.9310669,60.1648376
service,No data,7615431052,24.9311181,60.1648557
service,No data,7690696554,24.931364,60.1647415
footway,No data,7608117697,24.9312464,60.164901
footway,No data,7608623710,24.9312922,60.1649172
footway,No data,7608623712,24.9313379,60.1649338
footway,No data,7608623714,24.9314162,60.1649614
service,No data,7699579642,24.9317559,60.164916
footway,No data,7608623764,24.9316282,60.1650361
footway,No data,7608623723,24.9322843,60.1649394
footway,No data,7608623726,24.9293797,60.1643851
footway,No data,7632022996,24.9296948,60.164495
living_street,No data,7608623745,24.9301926,60.1648882
living_street,No data,7608623742,24.9297529,60.164974
footway,No data,7608623754,24.9293595,60.1648389
living_street,No data,7608623747,24.9307441,60.1650765
residential,30,7615431037,24.9297534,60.1644402
service,No data,7615431036,24.9297942,60.1644547
residential,30,7615431047,24.9306129,60.1647445
residential,30,7615431055,24.9310021,60.1648823
steps,No data,7631766091,24.9401819,60.1646298
steps,No data,7625151588,24.9429253,60.1664732
cycleway,No data,7625151591,24.9428617,60.16645
cycleway,No data,7625151593,24.9427644,60.1664145
cycleway,No data,7628444152,24.9423494,60.1662676
cycleway,No data,7628444154,24.9422129,60.1662196
cycleway,No data,7628444162,24.9417856,60.1660771
cycleway,No data,7628444164,24.9431114,60.1663658
steps,No data,7628444167,24.9429269,60.1663029
footway,No data,7668950090,24.9421394,60.1657109
steps,No data,7628509303,24.9405117,60.1654562
cycleway,No data,7628509304,24.9403272,60.1653924
cycleway,No data,7892501734,24.9404253,60.1654263
footway,No data,7628509308,24.9390194,60.1649403
steps,No data,7628890666,24.9385796,60.1649582
cycleway,No data,7628890669,24.9384382,60.1649088
cycleway,No data,7646215201,24.9383879,60.1648913
footway,No data,7631477461,24.9381727,60.1648178
footway,No data,7631477460,24.938276,60.1648532
footway,No data,7631477459,24.9383396,60.1648749
footway,No data,7631477481,24.9371258,60.1644502
footway,No data,7631477475,24.9374614,60.1645699
steps,No data,7631477474,24.9376122,60.1646236
steps,No data,7628890677,24.9377559,60.1646734
steps,No data,7628890679,24.9378172,60.1646946
steps,No data,7629116260,24.9379594,60.1637437
footway,No data,7629116262,24.9377371,60.1639018
footway,No data,7629116263,24.9377195,60.1639144
footway,No data,7629116266,24.9376616,60.1639555
footway,No data,7629116267,24.9374474,60.1641078
steps,No data,9195348963,24.9368348,60.1641848
steps,No data,9195348962,24.9367513,60.1641563
footway,No data,9195348974,24.9362138,60.1639715
cycleway,No data,7629116276,24.936138,60.1639452
footway,No data,7629116283,24.935495,60.1628284
cycleway,No data,7631477454,24.9389884,60.165101
cycleway,No data,7631538925,24.9389494,60.1650874
cycleway,No data,7631477457,24.9388129,60.1650394
cycleway,No data,7884134658,24.9380699,60.1647822
tertiary,30,7884134657,24.9381541,60.1647198
cycleway,No data,7646215197,24.9373821,60.1645417
footway,No data,7631477483,24.9372406,60.1644912
footway,No data,7884270176,24.934951,60.1635199
steps,No data,7631538916,24.939974,60.1645853
footway,No data,7631746472,24.9400251,60.1645483
footway,No data,7631746476,24.9399248,60.1646209
cycleway,No data,7631538927,24.9388699,60.1650596
cycleway,No data,7631662995,24.9364988,60.1642335
cycleway,No data,9623058700,24.9361686,60.1641167
footway,No data,7631663000,24.9360604,60.164079
cycleway,No data,7631663009,24.9351856,60.1637707
service,No data,7646215199,24.9361269,60.1641019
service,No data,7646215200,24.9351651,60.1637635
footway,No data,9195348971,24.9376357,60.1644503
footway,No data,9195348970,24.937402,60.1643675
footway,No data,9195348969,24.9373202,60.1643385
steps,No data,9195348967,24.9372545,60.1643153
footway,No data,7631766086,24.9397557,60.1647433
footway,No data,7631766092,24.9402127,60.164607
footway,No data,7631766094,24.9402744,60.1645625
cycleway,No data,7645919039,24.9335242,60.1630182
steps,No data,7646006157,24.9333744,60.163137
cycleway,No data,1007824392,24.9331522,60.1630588
service,No data,7646006168,24.9329764,60.1636011
service,No data,7893742780,24.9290115,60.1641092
steps,No data,7648599745,24.92738,60.1643486
footway,No data,7648599748,24.9276433,60.1644421
footway,No data,7648599750,24.9277397,60.1644762
footway,No data,7648599752,24.9277912,60.1644945
footway,No data,7648599756,24.927831,60.1645087
steps,No data,7653197726,24.9285151,60.1646268
footway,No data,7653197729,24.9285857,60.1645764
footway,No data,7653197741,24.9285669,60.1640964
residential,30,7653197740,24.9286387,60.1640518
residential,30,7653197747,24.9282399,60.1639137
footway,No data,7653197743,24.9283708,60.1640272
footway,No data,7653197748,24.9281755,60.1639583
footway,No data,7653197754,24.9279435,60.1638765
footway,No data,7653197757,24.9278107,60.1638296
footway,No data,7653197776,24.9269909,60.1640348
service,No data,7669424066,24.9423499,60.1657833
steps,No data,7668950097,24.9423172,60.1658526
footway,No data,7676756991,24.9363514,60.1666883
footway,No data,7676756993,24.9363176,60.1666766
footway,No data,7676756996,24.9362493,60.1666529
residential,30,7676756995,24.9361937,60.1666944
residential,30,8856704573,24.9359203,60.1666004
service,No data,7676756999,24.9363429,60.1665865
service,No data,7676757008,24.9364271,60.1665208
footway,No data,7676757003,24.9363903,60.1664897
service,No data,7676757006,24.9364358,60.1665069
service,No data,7676757010,24.9362958,60.1664566
steps,No data,7676757014,24.9364439,60.1663478
steps,No data,7676757017,24.9365463,60.1663848
footway,No data,7676757027,24.9359014,60.1665323
footway,No data,7676757031,24.9358331,60.1665086
footway,No data,7676757034,24.9357955,60.1664956
footway,No data,7676757048,24.9348395,60.1659777
footway,No data,7676757054,24.9349166,60.1659231
footway,No data,7676757056,24.9349617,60.1658911
footway,No data,7676757059,24.9350068,60.1658592
footway,No data,7676757062,24.9352619,60.1656785
footway,No data,7676757065,24.9352958,60.1656546
footway,No data,7676879024,24.9358082,60.1655057
footway,No data,7676879036,24.9363196,60.1656823
footway,No data,7676879037,24.9362976,60.1657004
service,No data,7676879035,24.9363811,60.1656291
service,No data,7676879039,24.9362441,60.1657412
service,No data,7676879041,24.9360909,60.1658597
footway,No data,7676879048,24.9367004,60.1658139
primary,30,7676879047,24.9367665,60.1657634
footway,No data,7676879052,24.9368763,60.1658746
footway,No data,7676879055,24.9372423,60.166001
footway,No data,7676879058,24.9373974,60.1660546
footway,No data,7676879060,24.9374516,60.1660733
footway,No data,7676879062,24.9374868,60.1660855
footway,No data,7676879066,24.937551,60.1661077
footway,No data,7676879073,24.9375918,60.1662903
footway,No data,7676890485,24.9373698,60.1664475
footway,No data,7676890487,24.9372539,60.1665296
footway,No data,7676890492,24.9371568,60.1665984
footway,No data,7676890498,24.9369876,60.1667182
footway,No data,7680181859,24.9266387,60.1683574
footway,No data,7680118608,24.9281887,60.1685351
footway,No data,7680118607,24.9280719,60.1684586
footway,No data,7680181856,24.9279025,60.1684412
footway,No data,7690718129,24.926945,60.1689438
footway,No data,7680200375,24.9272823,60.1688486
footway,No data,7680187802,24.9275532,60.1686958
footway,No data,7680200368,24.9277854,60.1685649
footway,No data,7680181848,24.9260293,60.1686605
steps,No data,7680181878,24.926175,60.1685964
footway,No data,7680181852,24.9266675,60.1688518
footway,No data,7690767880,24.9265788,60.1688252
steps,No data,7680181874,24.9266887,60.1687716
footway,No data,7680181853,24.9279705,60.168422
footway,No data,9580209984,24.9278889,60.1683867
footway,No data,7690650389,24.9278682,60.1683777
footway,No data,7680187788,24.9277943,60.168339
footway,No data,7680181883,24.9276558,60.1684019
footway,No data,7680187789,24.9273635,60.1688796
steps,No data,7680187794,24.927292,60.1688431
steps,No data,7680187805,24.9277314,60.1687824
footway,No data,7680200366,24.9278427,60.1685891
steps,No data,7680200372,24.9279735,60.1686511
steps,No data,7680200378,24.9273367,60.1688743
footway,No data,7702130641,24.93183,60.1654518
service,No data,7687750040,24.9316943,60.1655454
tertiary,30,7702130640,24.9317374,60.1654184
steps,No data,9598353078,24.9330206,60.1663514
footway,No data,7687750051,24.9332056,60.1664167
residential,30,7702050798,24.9332979,60.1665189
steps,No data,7687750055,24.933294,60.1664478
footway,No data,7702130669,24.9333829,60.1664791
footway,No data,7702074829,24.934229,60.1660919
footway,No data,7702074834,24.9339875,60.1660055
footway,No data,7702074836,24.9337932,60.165936
steps,No data,7687750073,24.9336766,60.1658943
footway,No data,7702074838,24.9337056,60.1659048
footway,No data,7702074841,24.9336244,60.1658756
footway,No data,7702074849,24.9326644,60.165534
footway,No data,7702050786,24.931032,60.1664979
footway,No data,7702050805,24.9332826,60.1669018
footway,No data,7702050799,24.9332255,60.1665614
steps,No data,7687786217,24.9355895,60.1679314
footway,No data,7687786219,24.9355256,60.1679774
footway,No data,7698792287,24.9356581,60.1678821
footway,No data,7687786237,24.9358425,60.1680918
footway,No data,7687786240,24.9357379,60.1681127
footway,No data,7687786246,24.9355316,60.1682699
footway,No data,7687786247,24.9355084,60.1683791
footway,No data,7687786244,24.9355032,60.1684076
footway,No data,7687786253,24.9355273,60.1684717
service,No data,7687786238,24.9358233,60.1680843
steps,No data,7687786257,24.9354403,60.1686672
footway,No data,7687786268,24.937008,60.1683005
residential,30,7687786282,24.9370218,60.1683676
footway,No data,7698669758,24.9370619,60.1682619
footway,No data,7698669756,24.9367099,60.1677626
steps,No data,7687786295,24.9370402,60.1692584
steps,No data,7690598255,24.9383063,60.1686172
footway,No data,7690598273,24.9370745,60.1670764
footway,No data,7690598275,24.9371196,60.1670918
footway,No data,7690598277,24.9372197,60.167126
footway,No data,7690598279,24.9372622,60.1671405
footway,No data,7690598281,24.9372997,60.1671533
footway,No data,7699579670,24.9373539,60.1671718
steps,No data,7699579675,24.9373939,60.1674327
footway,No data,7690617904,24.9280249,60.1634365
footway,No data,7690635369,24.9306192,60.1636769
footway,No data,7690635371,24.9306764,60.1636972
footway,No data,7690635373,24.9306947,60.1637037
footway,No data,7690635375,24.9307132,60.1637103
footway,No data,7690911491,24.9307855,60.163736
service,No data,7690635378,24.9313391,60.1639327
primary,30,7690911501,24.9313789,60.1638712
footway,No data,7690911502,24.9313077,60.1639215
footway,No data,7690635380,24.93137,60.1639436
footway,No data,7690911506,24.9314524,60.1639729
steps,No data,7690650398,24.9278533,60.1687178
footway,No data,7690652152,24.9267425,60.1670611
footway,No data,7690652156,24.9269388,60.1670362
living_street,No data,7690715761,24.9271652,60.1671052
footway,No data,7690661287,24.9316848,60.1640555
footway,No data,7690911510,24.9317307,60.1640718
steps,No data,7690661290,24.9320143,60.1641725
footway,No data,7699579596,24.9321657,60.1642263
footway,No data,7690661292,24.9322724,60.1642642
service,No data,7690661293,24.9323444,60.1642137
service,No data,7699579604,24.9320496,60.1644268
footway,No data,7690661298,24.9323764,60.1643012
footway,No data,7690661301,24.9324083,60.1643125
footway,No data,7690661303,24.9325588,60.1643659
footway,No data,7690661305,24.9326232,60.1643888
footway,No data,7690661307,24.9326934,60.1644138
footway,No data,7690661309,24.9327246,60.1644249
footway,No data,7690661311,24.9328069,60.1644541
footway,No data,7690696521,24.9327144,60.1646328
footway,No data,7690696528,24.9324836,60.1647973
footway,No data,8318434910,24.93188,60.1649257
service,No data,7690696538,24.9318097,60.1648909
service,No data,7690696546,24.9318869,60.1648386
service,No data,8428911494,24.9316528,60.1648315
steps,No data,7690696553,24.9314364,60.16469
living_street,No data,7690715764,24.9271777,60.167128
living_street,No data,7690715766,24.9272435,60.1672473
steps,No data,7690718112,24.9276013,60.1688538
footway,No data,7690769291,24.9255981,60.1685313
steps,No data,7690769298,24.9252772,60.1684799
steps,No data,7690885082,24.9289335,60.1640005
footway,No data,7690911493,24.9308841,60.163771
footway,No data,7690911495,24.9309944,60.1638102
footway,No data,7690911498,24.9311248,60.1638565
steps,No data,7690911499,24.9311348,60.1638601
footway,No data,7694105370,24.926836,60.1679124
footway,No data,7694105376,24.9266741,60.1679342
footway,No data,7694105380,24.926535,60.167953
footway,No data,7694113985,24.9263504,60.1679779
footway,No data,7694113990,24.925779,60.168055
footway,No data,7694113992,24.9255786,60.168082
footway,No data,7694113996,24.9254949,60.1680933
footway,No data,7694174346,24.9253365,60.1681147
footway,No data,7694174349,24.9252114,60.1681316
footway,No data,7694174353,24.9251005,60.1681466
footway,No data,7694174366,24.9246531,60.1682058
footway,No data,7694174369,24.9246051,60.1682119
pedestrian,No data,7694322997,24.9266199,60.1691023
pedestrian,No data,7694323000,24.9265497,60.1690782
pedestrian,No data,7694323003,24.92636,60.1690194
pedestrian,No data,7694323006,24.9262301,60.1689791
pedestrian,No data,7694323010,24.9259403,60.1688893
pedestrian,No data,7694323012,24.925769,60.1688362
pedestrian,No data,7694323016,24.925592,60.1687813
pedestrian,No data,7694323018,24.9254007,60.168722
footway,No data,7699579660,24.9370236,60.1677493
footway,No data,7694456396,24.936544,60.1675828
footway,No data,7699579663,24.9369723,60.1677315
footway,No data,7694456398,24.9364133,60.1675376
service,No data,7698669746,24.9366761,60.1674884
steps,No data,7694456411,24.9377847,60.167319
footway,No data,7694456414,24.9378936,60.1673562
footway,No data,7694456417,24.9379819,60.1673863
service,No data,8428911500,24.9378611,60.1675311
footway,No data,7699579681,24.9367594,60.1674288
footway,No data,7698602840,24.9339133,60.1639684
footway,No data,7694883650,24.9337748,60.164068
footway,No data,7698602843,24.9337597,60.1640789
service,No data,7694883654,24.9338487,60.1640943
service,No data,7698602845,24.9339103,60.1641165
steps,No data,7694883656,24.9340398,60.1641627
footway,No data,7698602847,24.9340361,60.1642747
steps,No data,7694935764,24.9330271,60.1649315
footway,No data,7694935767,24.9330542,60.1649767
footway,No data,7694935771,24.933006,60.164947
footway,No data,7695060471,24.9335542,60.1647161
footway,No data,7698592795,24.93242,60.1653169
footway,No data,7695014630,24.9325262,60.1653539
footway,No data,7698592792,24.9326144,60.1653847
footway,No data,7698592796,24.9324455,60.1653258
service,No data,7695014659,24.932658,60.1652349
footway,No data,7695014638,24.9325076,60.1651844
footway,No data,7695014642,24.9327563,60.1654341
footway,No data,7695014665,24.9328809,60.1654775
service,No data,7695014645,24.932887,60.1653478
service,No data,7695014649,24.9329354,60.1653158
footway,No data,7695014650,24.9328119,60.1652743
footway,No data,7698592785,24.9328294,60.1652614
footway,No data,7695014652,24.9331685,60.1652626
footway,No data,7695014658,24.9331568,60.1652712
footway,No data,7698582480,24.9330772,60.1652319
footway,No data,7695014653,24.933147,60.1652785
steps,No data,7695060461,24.9336635,60.1647545
footway,No data,7695060463,24.9337781,60.1647947
footway,No data,7695060465,24.9338859,60.1648326
footway,No data,7695060470,24.9339331,60.1648491
service,No data,7695105594,24.934004,60.1648002
service,No data,7695105595,24.9336286,60.1646654
footway,No data,7695060477,24.9342251,60.1649516
footway,No data,7695060481,24.9344096,60.1650164
footway,No data,7699183122,24.9344671,60.1650366
service,No data,9570600548,24.9344787,60.1649683
service,No data,7695105592,24.934526,60.1650573
footway,No data,7699183119,24.9345745,60.1650743
primary,30,9570600547,24.9345423,60.1649909
steps,No data,7695105598,24.9345816,60.1650768
footway,No data,7695105601,24.93469,60.1651148
steps,No data,7699183104,24.9348885,60.1653756
footway,No data,7698436505,24.9351408,60.1655709
footway,No data,7699183090,24.9350485,60.1656372
steps,No data,7698436511,24.9349953,60.1656754
steps,No data,7698500012,24.9347398,60.1658091
service,No data,7698500015,24.9345806,60.1657732
service,No data,7699177481,24.9344009,60.1657139
footway,No data,7699177466,24.9338696,60.1658226
footway,No data,7698500024,24.9341658,60.1658005
footway,No data,7698539427,24.9335664,60.1657172
footway,No data,7698539429,24.933537,60.165707
footway,No data,7699177460,24.9333466,60.1656407
footway,No data,7698539436,24.9333662,60.1653699
residential,30,9570953970,24.9332802,60.1656847
steps,No data,7698592802,24.9352154,60.1655173
footway,No data,7698669745,24.9366289,60.1674714
service,No data,7698729484,24.9360222,60.168751
footway,No data,7699019902,24.9295553,60.1666881
residential,30,7699019908,24.929068,60.1666973
footway,No data,7699019909,24.9290964,60.1667499
footway,No data,7699019913,24.9286932,60.1668032
footway,No data,7699019922,24.9276785,60.1669408
living_street,No data,7699019929,24.9275089,60.1672174
living_street,No data,7699019933,24.9275631,60.1673111
living_street,No data,7699019936,24.9275854,60.1673494
living_street,No data,7699019938,24.9275959,60.1673676
living_street,No data,7699019940,24.9276165,60.1674033
residential,30,7699019957,24.9298145,60.1675731
footway,No data,7699019956,24.9297848,60.1675181
footway,No data,7699019961,24.9300249,60.1674863
footway,No data,7699019973,24.9305356,60.1674187
footway,No data,7699019980,24.9306295,60.1674063
steps,No data,7699177480,24.9340308,60.1655904
footway,No data,9580699687,24.9341631,60.1656346
footway,No data,9580699689,24.9342762,60.1655472
footway,No data,7699183109,24.9349741,60.1654443
steps,No data,7699183100,24.9347856,60.1655655
service,No data,9216228409,24.9227088,60.1633531
steps,No data,7699579628,24.9320857,60.1644399
service,No data,7699579606,24.9322938,60.1645177
footway,No data,7699579608,24.9324202,60.1645381
steps,No data,7699579614,24.9324717,60.1645581
steps,No data,7699579633,24.9318699,60.1643734
footway,No data,7699579664,24.9369846,60.1677358
footway,No data,7701311948,24.9227232,60.163294
footway,No data,7701311951,24.922717,60.1633191
service,No data,9216228414,24.9225921,60.1633116
footway,No data,7701337661,24.9338078,60.1675667
footway,No data,7701337663,24.9337367,60.1676184
footway,No data,7701447297,24.932914,60.1673425
footway,No data,7701447299,24.9329797,60.1672964
footway,No data,7701447302,24.9330473,60.1672484
footway,No data,7701520588,24.9331063,60.1672051
steps,No data,7701512989,24.9348748,60.1671266
footway,No data,7701520606,24.9348112,60.1671046
footway,No data,7701512992,24.9349486,60.1671522
footway,No data,7701512995,24.9351041,60.167206
footway,No data,7701512997,24.9351451,60.1672202
footway,No data,7701513000,24.9352116,60.1672432
service,No data,7701513001,24.9352734,60.1672015
residential,30,8856750673,24.9350795,60.1671356
footway,No data,7701520593,24.9331657,60.1671614
footway,No data,7701520599,24.9346737,60.1670571
footway,No data,7701520601,24.9347046,60.1670678
footway,No data,7701520604,24.9347531,60.1670845
footway,No data,9195348965,24.9370087,60.1642356
steps,No data,9327554276,24.9315961,60.1692816
footway,No data,10086596421,24.9318972,60.1693819
steps,No data,8776553624,24.9223726,60.1668648
footway,No data,8776553630,24.9223213,60.1668657
footway,No data,8776553629,24.9223203,60.1668108
steps,No data,8856704553,24.9348478,60.166305
footway,No data,8856704556,24.9349531,60.1663411
footway,No data,8856704559,24.9350535,60.166376
footway,No data,8856704561,24.9352025,60.1664277
footway,No data,8856704563,24.9353193,60.1664683
footway,No data,8856704574,24.9358495,60.1666523
footway,No data,8856704589,24.9364263,60.1668524
footway,No data,8856802603,24.934076,60.1665226
footway,No data,8856704600,24.9344481,60.1668762
footway,No data,8856704612,24.9348617,60.1670183
footway,No data,8856750674,24.9351205,60.1671072
footway,No data,8856750677,24.9352122,60.1671387
footway,No data,8856750692,24.9355486,60.1672544
footway,No data,8856831417,24.9362119,60.1672828
footway,No data,8856831427,24.9365404,60.1670414
footway,No data,9580009676,24.939589,60.1678565
footway,No data,9580009675,24.9397664,60.1679184
footway,No data,9580009674,24.939884,60.1679595
footway,No data,9580009673,24.9399201,60.167972
footway,No data,9580009671,24.9400265,60.1680091
service,No data,9216228411,24.9225847,60.1633424
pedestrian,No data,9327554271,24.9349998,60.1702526
pedestrian,No data,9337755798,24.9353916,60.1694213
steps,No data,9327554274,24.9336964,60.1699197
pedestrian,No data,9327554280,24.932419,60.1695582
pedestrian,No data,9327554275,24.9321481,60.169466
pedestrian,No data,9327554278,24.9314413,60.1692297
pedestrian,No data,10086596436,24.9310761,60.1691076
pedestrian,No data,10086596422,24.9325264,60.169479
pedestrian,No data,9327554281,24.9327783,60.1692933
pedestrian,No data,10086583992,24.9327025,60.1693492
pedestrian,No data,9327554283,24.9310143,60.1687001
steps,No data,10086596438,24.9312823,60.1687905
footway,No data,9378862815,24.9262539,60.1608445
cycleway,No data,9623058699,24.9361406,60.1641068
cycleway,No data,9697831917,24.9211134,60.1627701
steps,No data,10086596427,24.9310638,60.1689361
steps,No data,10862248782,24.9382788,60.1687312
